time,flux
0.0,1.0
0.24,1.0
0.48,1.0
0.72,1.0
0.96,1.0
1.2,1.0
1.44,1.0
1.68,1.0
1.92,1.0
2.16,1.0
2.4,1.0
2.6399999999999997,1.0
2.88,1.0
3.12,1.0
3.36,1.0
3.5999999999999996,1.0
3.84,1.0
4.08,1.0
4.32,1.0
4.56,1.0
4.8,1.0
5.04,1.0
5.279999999999999,1.0
5.52,1.0
5.76,1.0
6.0,1.0
6.24,1.0
6.4799999999999995,1.0
6.72,1.0
6.96,1.0
7.199999999999999,1.0
7.4399999999999995,1.0
7.68,1.0
7.92,1.0
8.16,1.0
8.4,1.0
8.64,1.0
8.879999999999999,1.0
9.12,1.0
9.36,1.0
9.6,1.0
9.84,1.0
